<code_scheme name="Default" version="173">
  <option name="LINE_SEPARATOR" value="&#13;&#10;" />
  <option name="RIGHT_MARGIN" value="240" />
  <OdpsQL>
    <option name="KEYWORD_CASE" value="0" />
    <option name="ALIGN_AS_IN_SELECT_STATEMENT" value="true" />
    <option name="NEW_LINE_BEFORE_LOGIC_EXPRESSION" value="true" />
    <option name="NEW_LINE_AROUND_SEMICOLON" value="true" />
  </OdpsQL>
  <codeStyleSettings language="OdpsQL">
    <option name="KEEP_BLANK_LINES_IN_CODE" value="8" />
    <indentOptions>
      <option name="TAB_SIZE" value="8" />
    </indentOptions>
  </codeStyleSettings>
</code_scheme>