<application>
  <component name="TipsStore">
    <option name="globalFirstStartUp" value="false" />
    <entry projectPath="$USER_HOME$/Downloads/4.0.2/sonar-findbugs" startUpFlag="FIRST" />
    <entry projectPath="$USER_HOME$/Downloads/sonar-l10n-zh-sonar-l10n-zh-plugin-1.28" startUpFlag="FIRST" />
    <entry projectPath="G:/Demo/gitdemo/SpringDemo/initializr" startUpFlag="FIRST" />
    <entry projectPath="G:/Demo/gitdemo/SpringDemo/java/design-pattern" startUpFlag="FIRST" />
    <entry projectPath="G:/Demo/gitdemo/SpringDemo/java/java-io" startUpFlag="FIRST" />
    <entry projectPath="G:/Demo/gitdemo/SpringDemo/springboot/common-pom" startUpFlag="FIRST" />
    <entry projectPath="G:/Demo/gitdemo/SpringDemo/springboot/dingding_wx/springboot-dingding" startUpFlag="FIRST" />
    <entry projectPath="G:/Demo/gitdemo/SpringDemo/springboot/dingding_wx/springboot-weixin" startUpFlag="FIRST" />
    <entry projectPath="G:/Demo/gitdemo/SpringDemo/springboot/java-base" startUpFlag="FIRST" />
    <entry projectPath="G:/Demo/gitdemo/SpringDemo/springboot/mq/springboot-activemq" startUpFlag="FIRST" />
    <entry projectPath="G:/Demo/gitdemo/SpringDemo/springboot/sprinbtoo-redisson" startUpFlag="FIRST" />
    <entry projectPath="G:/Demo/gitdemo/SpringDemo/springboot/springboot" startUpFlag="FIRST" />
    <entry projectPath="G:/Demo/gitdemo/SpringDemo/springboot/springboot-Kafka" startUpFlag="FIRST" />
    <entry projectPath="G:/Demo/gitdemo/SpringDemo/springboot/springboot-activemq" startUpFlag="FIRST" />
    <entry projectPath="G:/Demo/gitdemo/SpringDemo/springboot/springboot-al-cloud-dns" startUpFlag="FIRST" />
    <entry projectPath="G:/Demo/gitdemo/SpringDemo/springboot/springboot-algorithm" startUpFlag="FIRST" />
    <entry projectPath="G:/Demo/gitdemo/SpringDemo/springboot/springboot-aop" startUpFlag="FIRST" />
    <entry projectPath="G:/Demo/gitdemo/SpringDemo/springboot/springboot-controller-advice" startUpFlag="FIRST" />
    <entry projectPath="G:/Demo/gitdemo/SpringDemo/springboot/springboot-design-pattern" startUpFlag="FIRST" />
    <entry projectPath="G:/Demo/gitdemo/SpringDemo/springboot/springboot-dingding" startUpFlag="FIRST" />
    <entry projectPath="G:/Demo/gitdemo/SpringDemo/springboot/springboot-dubbo" startUpFlag="FIRST" />
    <entry projectPath="G:/Demo/gitdemo/SpringDemo/springboot/springboot-ehcache" startUpFlag="FIRST" />
    <entry projectPath="G:/Demo/gitdemo/SpringDemo/springboot/springboot-hutool" startUpFlag="FIRST" />
    <entry projectPath="G:/Demo/gitdemo/SpringDemo/springboot/springboot-initializr" startUpFlag="FIRST" />
    <entry projectPath="G:/Demo/gitdemo/SpringDemo/springboot/springboot-java" startUpFlag="FIRST" />
    <entry projectPath="G:/Demo/gitdemo/SpringDemo/springboot/springboot-lock" startUpFlag="FIRST" />
    <entry projectPath="G:/Demo/gitdemo/SpringDemo/springboot/springboot-maven" startUpFlag="FIRST" />
    <entry projectPath="G:/Demo/gitdemo/SpringDemo/springboot/springboot-max-compute" startUpFlag="FIRST" />
    <entry projectPath="G:/Demo/gitdemo/SpringDemo/springboot/springboot-max-compute/scripts" startUpFlag="FIRST" />
    <entry projectPath="G:/Demo/gitdemo/SpringDemo/springboot/springboot-mybatis" startUpFlag="FIRST" />
    <entry projectPath="G:/Demo/gitdemo/SpringDemo/springboot/springboot-mybatis-generator" startUpFlag="FIRST" />
    <entry projectPath="G:/Demo/gitdemo/SpringDemo/springboot/springboot-mybatis-plug" startUpFlag="FIRST" />
    <entry projectPath="G:/Demo/gitdemo/SpringDemo/springboot/springboot-mybatis-plus" startUpFlag="FIRST" />
    <entry projectPath="G:/Demo/gitdemo/SpringDemo/springboot/springboot-mysql" startUpFlag="FIRST" />
    <entry projectPath="G:/Demo/gitdemo/SpringDemo/springboot/springboot-nginx" startUpFlag="FIRST" />
    <entry projectPath="G:/Demo/gitdemo/SpringDemo/springboot/springboot-rabbitmq" startUpFlag="FIRST" />
    <entry projectPath="G:/Demo/gitdemo/SpringDemo/springboot/springboot-redis" startUpFlag="FIRST" />
    <entry projectPath="G:/Demo/gitdemo/SpringDemo/springboot/springboot-servlet" startUpFlag="FIRST" />
    <entry projectPath="G:/Demo/gitdemo/SpringDemo/springboot/springboot-session" startUpFlag="FIRST" />
    <entry projectPath="G:/Demo/gitdemo/SpringDemo/springboot/springboot-spi" startUpFlag="FIRST" />
    <entry projectPath="G:/Demo/gitdemo/SpringDemo/springboot/springboot-spring-secunity" startUpFlag="FIRST" />
    <entry projectPath="G:/Demo/gitdemo/SpringDemo/springboot/springboot-springutils" startUpFlag="FIRST" />
    <entry projectPath="G:/Demo/gitdemo/SpringDemo/springboot/springboot-swagger" startUpFlag="FIRST" />
    <entry projectPath="G:/Demo/gitdemo/SpringDemo/springboot/springboot-thread" startUpFlag="FIRST" />
    <entry projectPath="G:/Demo/gitdemo/SpringDemo/springboot/springboot-tomcat" startUpFlag="FIRST" />
    <entry projectPath="G:/Demo/gitdemo/SpringDemo/springboot/springboot-validation" startUpFlag="FIRST" />
    <entry projectPath="G:/Demo/gitdemo/SpringDemo/springboot/springboot-web-jar" startUpFlag="FIRST" />
    <entry projectPath="G:/Demo/gitdemo/SpringDemo/springboot/springboot-zookeeper" startUpFlag="FIRST" />
    <entry projectPath="G:/Demo/gitdemo/common-pom/common-pom" startUpFlag="FIRST" />
    <entry projectPath="G:/Demo/gitdemo/demo" startUpFlag="FIRST" />
    <entry projectPath="G:/Demo/gitdemo/githup/RestfulTool" startUpFlag="FIRST" />
    <entry projectPath="G:/Demo/github拉取的项目/validat/all-simple-demo-in-work" startUpFlag="FIRST" />
    <entry projectPath="G:/Demo/github拉取的项目/webservice" startUpFlag="FIRST" />
    <entry projectPath="G:/Demo/parent/ams" startUpFlag="FIRST" />
    <entry projectPath="G:/Demo/parent/ams_two" startUpFlag="FIRST" />
    <entry projectPath="G:/Demo/parent/annotation" startUpFlag="FIRST" />
    <entry projectPath="G:/Demo/parent/error_demo" startUpFlag="FIRST" />
    <entry projectPath="G:/Demo/parent/fast_json" startUpFlag="FIRST" />
    <entry projectPath="G:/Demo/parent/springboot_config_read" startUpFlag="FIRST" />
    <entry projectPath="G:/Demo/parent/springboot_mybatis_annotation_1" startUpFlag="FIRST" />
    <entry projectPath="G:/Demo/parent/springboot_mybatis_annotation_2" startUpFlag="FIRST" />
    <entry projectPath="G:/Demo/parent/sptingboot-mybatis" startUpFlag="FIRST" />
    <entry projectPath="G:/Demo/parent/tools_use" startUpFlag="FIRST" />
    <entry projectPath="G:/Demo/parent/xml_to_java" startUpFlag="FIRST" />
    <entry projectPath="G:/Demo/spring/spring-framework" startUpFlag="FIRST" />
    <entry projectPath="G:/竹开/SVN/国家局资料/hsa-oms" startUpFlag="FIRST" />
    <entry projectPath="G:/竹开/SVN/国家局资料/springboot-hsf" startUpFlag="FIRST" />
    <entry projectPath="G:/竹开/UDF" startUpFlag="FIRST" />
    <entry projectPath="G:/竹开/给国家局/UDF" startUpFlag="FIRST" />
    <entry projectPath="G:/竹开/项目/HSF/hsf" startUpFlag="FIRST" />
    <entry projectPath="G:/竹开/项目/code_生成器/zhuking-generator" startUpFlag="FIRST" />
    <entry projectPath="G:/竹开/项目/weining-max-compute" startUpFlag="FIRST" />
    <entry projectPath="G:/竹开/项目/zhuking-max-compute" startUpFlag="FIRST" />
    <entry projectPath="G:/良田美地/企快融/finance" startUpFlag="FIRST" />
    <entry projectPath="G:/良田美地/优惠券/web" startUpFlag="FIRST" />
    <entry projectPath="G:/良田美地/推广员/agent" startUpFlag="FIRST" />
    <entry projectPath="G:/良田美地/推广员/agent/agent" startUpFlag="FIRST" />
    <entry projectPath="X:/备份/项目-2/项目2/day01/02-code/e3-manager" startUpFlag="FIRST" />
  </component>
</application>