<application>
  <component name="CodotaSettings">
    <option name="methodCompletionsPercentageSet" value="true" />
    <option name="id" value="d5f64a48-2837-4122-a9a9-4261dc9efbd1" />
    <option name="wasRunBefore" value="true" />
    <option name="firstRun" value="1589332444484" />
    <option name="generation" value="104" />
    <option name="updateGeneration" value="1" />
    <option name="isInJSBeta" value="YES" />
    <option name="isMethodCompletionsPercentageActive" value="true" />
    <option name="isMethodCompletionsPercentageSet" value="true" />
    <option name="testedFeatureFlags">
      <set>
        <option value="deep-completions" />
      </set>
    </option>
    <option name="completeIndexingProjects">
      <map>
        <entry key="22a70c8f" value="1" />
        <entry key="2e2edf88" value="4" />
        <entry key="33544f10" value="1" />
        <entry key="4b4652ec" value="1" />
        <entry key="70611c11" value="1" />
        <entry key="9ddeee47" value="1" />
      </map>
    </option>
    <option name="usedLanguages">
      <set>
        <option value="java" />
        <option value="kotlin" />
      </set>
    </option>
  </component>
</application>