<application>
  <component name="FileTypeManager" version="17">
    <ignoreFiles list="*.hprof;*.idea;*.iml;*.jmh;*.project;*.pyc;*.pyo;*.rbc;*.settings;*.yarb;*~;.DS_Store;.git;.gitignore;.hg;.mvn;.svn;CVS;__pycache__;_svn;jmh;mvnw;mvnw.cmd;out;rebel.xml;testFixtures;vssver.scc;vssver2.scc;" />
    <extensionMap>
      <mapping ext="gradle.kts" type="Kotlin" />
      <mapping ext="main.kts" type="Kotlin" />
      <mapping pattern="jmh" type="Native" />
      <mapping pattern="logs" type="PLAIN_TEXT" />
      <mapping pattern="参考脚本" type="PLAIN_TEXT" />
      <mapping pattern="xx" type="PLAIN_TEXT" />
      <mapping pattern="循环依赖" type="PLAIN_TEXT" />
      <mapping pattern="文档说明" type="PLAIN_TEXT" />
      <mapping ext="xml_copu" type="PLAIN_TEXT" />
      <mapping ext="text" type="PLAIN_TEXT" />
      <mapping ext="yml_copy" type="PLAIN_TEXT" />
      <mapping ext="xml_cp" type="PLAIN_TEXT" />
      <mapping ext="test" type="PLAIN_TEXT" />
      <mapping ext="pem" type="PLAIN_TEXT" />
      <removed_mapping ext="bat" approved="true" type="PLAIN_TEXT" />
      <removed_mapping ext="cmd" approved="true" type="PLAIN_TEXT" />
      <removed_mapping ext="bat" approved="true" type="PLAIN_TEXT" />
      <removed_mapping ext="log" approved="true" type="PLAIN_TEXT" />
      <removed_mapping ext="dockerfile" approved="true" type="textmate" />
      <removed_mapping ext="makefile" approved="true" type="textmate" />
      <removed_mapping ext="cmd" approved="true" type="PLAIN_TEXT" />
      <removed_mapping ext="snakefile" approved="true" type="textmate" />
      <mapping pattern="*.js.flow" type="Flow" />
    </extensionMap>
  </component>
</application>