<application>
  <component name="IntentionManagerSettings">
    <ignoreAction name="Java/Modifiers/Change access modifier" />
    <ignoreAction name="Java/I18N/Convert to Basic Latin" />
    <ignoreAction name="Java/Declaration/Convert interface to class" />
    <ignoreAction name="Markdown/Hide errors in code fences" />
    <ignoreAction name="Language injection/Edit injected fragment" />
    <ignoreAction name="XML/Rearrange tag attributes" />
    <ignoreAction name="XML/Remove tag" />
    <ignoreAction name="Java/Strings/Copy string concatenation text to the clipboard" />
  </component>
</application>