<application>
  <component name="ExternalResourceManagerImpl">
    <resource url="http://www.springframework.org/schema/data/jpa/spring-jpa-1.3.xsd" location="$USER_HOME$/AppData/Local/JetBrains/IntelliJIdea2020.1/extResources/fdeedafb_spring-jpa-1.3.xsd" />
    <resource url="http://www.springframework.org/schema/jdbc/spring-jdbc-4.0.xsd" location="$USER_HOME$/AppData/Local/JetBrains/IntelliJIdea2020.1/extResources/f4fd1528_spring-jdbc-4.0.xsd" />
    <resource url="http://www.springframework.org/schema/tx/spring-tx-4.0.xsd" location="$USER_HOME$/AppData/Local/JetBrains/IntelliJIdea2020.1/extResources/5701c47a_spring-tx-4.0.xsd" />
    <resource url="https://www.springframework.org/schema/beans/spring-beans-4.0.xsd" location="$USER_HOME$/AppData/Local/JetBrains/IntelliJIdea2020.1/extResources/38d1b0f3_spring-beans-4.0.xsd" />
    <resource url="https://www.springframework.org/schema/beans/spring-beans-4.3.xsd" location="$USER_HOME$/AppData/Local/JetBrains/IntelliJIdea2020.1/extResources/38fbf776_spring-beans-4.3.xsd" />
    <resource url="https://www.springframework.org/schema/context/spring-context.xsd" location="$USER_HOME$/AppData/Local/JetBrains/IntelliJIdea2020.1/extResources/9f766ca_spring-context.xsd" />
    <resource url="https://www.springframework.org/schema/data/repository/spring-repository.xsd" location="$USER_HOME$/AppData/Local/JetBrains/IntelliJIdea2020.1/extResources/47bf0285_spring-repository.xsd" />
    <resource url="https://www.springframework.org/schema/tool/spring-tool-4.0.xsd" location="$USER_HOME$/AppData/Local/JetBrains/IntelliJIdea2020.1/extResources/938d5385_spring-tool-4.0.xsd" />
    <resource url="https://www.springframework.org/schema/tool/spring-tool-4.3.xsd" location="$USER_HOME$/AppData/Local/JetBrains/IntelliJIdea2020.1/extResources/93b79a08_spring-tool-4.3.xsd" />
    <ignored-resource url="http://ehcache.org/ehcache.xsd" />
  </component>
</application>