<application>
  <component name="ProjectJdkTable">
    <jdk version="2">
      <name value="1.8" />
      <type value="JavaSDK" />
      <version value="java version &quot;1.8.0_171&quot;" />
      <homePath value="Z:/JDK8" />
      <roots>
        <annotationsPath>
          <root type="composite">
            <root url="jar://$APPLICATION_HOME_DIR$/lib/jdkAnnotations.jar!/" type="simple" />
            <root url="jar://$APPLICATION_HOME_DIR$/plugins/java/lib/jdkAnnotations.jar!/" type="simple" />
          </root>
        </annotationsPath>
        <classPath>
          <root type="composite">
            <root url="jar://Z:/JDK8/jre/lib/charsets.jar!/" type="simple" />
            <root url="jar://Z:/JDK8/jre/lib/deploy.jar!/" type="simple" />
            <root url="jar://Z:/JDK8/jre/lib/endorsed/rt_debug.jar!/" type="simple" />
            <root url="jar://Z:/JDK8/jre/lib/ext/access-bridge-64.jar!/" type="simple" />
            <root url="jar://Z:/JDK8/jre/lib/ext/cldrdata.jar!/" type="simple" />
            <root url="jar://Z:/JDK8/jre/lib/ext/dnsns.jar!/" type="simple" />
            <root url="jar://Z:/JDK8/jre/lib/ext/jaccess.jar!/" type="simple" />
            <root url="jar://Z:/JDK8/jre/lib/ext/jfxrt.jar!/" type="simple" />
            <root url="jar://Z:/JDK8/jre/lib/ext/localedata.jar!/" type="simple" />
            <root url="jar://Z:/JDK8/jre/lib/ext/nashorn.jar!/" type="simple" />
            <root url="jar://Z:/JDK8/jre/lib/ext/sunec.jar!/" type="simple" />
            <root url="jar://Z:/JDK8/jre/lib/ext/sunjce_provider.jar!/" type="simple" />
            <root url="jar://Z:/JDK8/jre/lib/ext/sunmscapi.jar!/" type="simple" />
            <root url="jar://Z:/JDK8/jre/lib/ext/sunpkcs11.jar!/" type="simple" />
            <root url="jar://Z:/JDK8/jre/lib/ext/zipfs.jar!/" type="simple" />
            <root url="jar://Z:/JDK8/jre/lib/javaws.jar!/" type="simple" />
            <root url="jar://Z:/JDK8/jre/lib/jce.jar!/" type="simple" />
            <root url="jar://Z:/JDK8/jre/lib/jfr.jar!/" type="simple" />
            <root url="jar://Z:/JDK8/jre/lib/jfxswt.jar!/" type="simple" />
            <root url="jar://Z:/JDK8/jre/lib/jsse.jar!/" type="simple" />
            <root url="jar://Z:/JDK8/jre/lib/management-agent.jar!/" type="simple" />
            <root url="jar://Z:/JDK8/jre/lib/plugin.jar!/" type="simple" />
            <root url="jar://Z:/JDK8/jre/lib/resources.jar!/" type="simple" />
            <root url="jar://Z:/JDK8/jre/lib/rt.jar!/" type="simple" />
          </root>
        </classPath>
        <javadocPath>
          <root type="composite" />
        </javadocPath>
        <sourcePath>
          <root type="composite">
            <root url="jar://Z:/JDK8/src.zip!/" type="simple" />
            <root url="jar://Z:/JDK8/javafx-src.zip!/" type="simple" />
          </root>
        </sourcePath>
      </roots>
      <additional />
    </jdk>
    <jdk version="2">
      <name value="Kotlin SDK" />
      <type value="KotlinSDK" />
      <version value="1.3.72" />
      <homePath value="Z:\IDEA 2020\IntelliJ IDEA 2020.1.1\plugins\Kotlin\kotlinc" />
      <roots>
        <annotationsPath>
          <root type="composite" />
        </annotationsPath>
        <classPath>
          <root type="composite" />
        </classPath>
        <javadocPath>
          <root type="composite" />
        </javadocPath>
        <sourcePath>
          <root type="composite" />
        </sourcePath>
      </roots>
      <additional />
    </jdk>
    <jdk version="2">
      <name value="1.7" />
      <type value="JavaSDK" />
      <version value="java version &quot;1.7&quot;" />
      <homePath value="Z:/jdk1.7" />
      <roots>
        <annotationsPath>
          <root type="composite">
            <root url="jar://$APPLICATION_HOME_DIR$/plugins/java/lib/jdkAnnotations.jar!/" type="simple" />
          </root>
        </annotationsPath>
        <classPath>
          <root type="composite">
            <root url="jar://Z:/jdk1.7/jre/lib/charsets.jar!/" type="simple" />
            <root url="jar://Z:/jdk1.7/jre/lib/deploy.jar!/" type="simple" />
            <root url="jar://Z:/jdk1.7/jre/lib/ext/access-bridge-64.jar!/" type="simple" />
            <root url="jar://Z:/jdk1.7/jre/lib/ext/dnsns.jar!/" type="simple" />
            <root url="jar://Z:/jdk1.7/jre/lib/ext/jaccess.jar!/" type="simple" />
            <root url="jar://Z:/jdk1.7/jre/lib/ext/localedata.jar!/" type="simple" />
            <root url="jar://Z:/jdk1.7/jre/lib/ext/sunec.jar!/" type="simple" />
            <root url="jar://Z:/jdk1.7/jre/lib/ext/sunjce_provider.jar!/" type="simple" />
            <root url="jar://Z:/jdk1.7/jre/lib/ext/sunmscapi.jar!/" type="simple" />
            <root url="jar://Z:/jdk1.7/jre/lib/ext/zipfs.jar!/" type="simple" />
            <root url="jar://Z:/jdk1.7/jre/lib/javaws.jar!/" type="simple" />
            <root url="jar://Z:/jdk1.7/jre/lib/jce.jar!/" type="simple" />
            <root url="jar://Z:/jdk1.7/jre/lib/jfr.jar!/" type="simple" />
            <root url="jar://Z:/jdk1.7/jre/lib/jfxrt.jar!/" type="simple" />
            <root url="jar://Z:/jdk1.7/jre/lib/jsse.jar!/" type="simple" />
            <root url="jar://Z:/jdk1.7/jre/lib/management-agent.jar!/" type="simple" />
            <root url="jar://Z:/jdk1.7/jre/lib/plugin.jar!/" type="simple" />
            <root url="jar://Z:/jdk1.7/jre/lib/resources.jar!/" type="simple" />
            <root url="jar://Z:/jdk1.7/jre/lib/rt.jar!/" type="simple" />
          </root>
        </classPath>
        <javadocPath>
          <root type="composite" />
        </javadocPath>
        <sourcePath>
          <root type="composite">
            <root url="jar://Z:/jdk1.7/src.zip!/" type="simple" />
          </root>
        </sourcePath>
      </roots>
      <additional />
    </jdk>
    <jdk version="2">
      <name value="1.8 (2)" />
      <type value="JavaSDK" />
      <version value="java version &quot;1.8.0_171&quot;" />
      <homePath value="Z:/JDK8" />
      <roots>
        <annotationsPath>
          <root type="composite">
            <root url="jar://$APPLICATION_HOME_DIR$/lib/jdkAnnotations.jar!/" type="simple" />
            <root url="jar://$APPLICATION_HOME_DIR$/plugins/java/lib/jdkAnnotations.jar!/" type="simple" />
          </root>
        </annotationsPath>
        <classPath>
          <root type="composite">
            <root url="jar://Z:/JDK8/jre/lib/charsets.jar!/" type="simple" />
            <root url="jar://Z:/JDK8/jre/lib/deploy.jar!/" type="simple" />
            <root url="jar://Z:/JDK8/jre/lib/endorsed/rt_debug.jar!/" type="simple" />
            <root url="jar://Z:/JDK8/jre/lib/ext/access-bridge-64.jar!/" type="simple" />
            <root url="jar://Z:/JDK8/jre/lib/ext/cldrdata.jar!/" type="simple" />
            <root url="jar://Z:/JDK8/jre/lib/ext/dnsns.jar!/" type="simple" />
            <root url="jar://Z:/JDK8/jre/lib/ext/jaccess.jar!/" type="simple" />
            <root url="jar://Z:/JDK8/jre/lib/ext/jfxrt.jar!/" type="simple" />
            <root url="jar://Z:/JDK8/jre/lib/ext/localedata.jar!/" type="simple" />
            <root url="jar://Z:/JDK8/jre/lib/ext/nashorn.jar!/" type="simple" />
            <root url="jar://Z:/JDK8/jre/lib/ext/sunec.jar!/" type="simple" />
            <root url="jar://Z:/JDK8/jre/lib/ext/sunjce_provider.jar!/" type="simple" />
            <root url="jar://Z:/JDK8/jre/lib/ext/sunmscapi.jar!/" type="simple" />
            <root url="jar://Z:/JDK8/jre/lib/ext/sunpkcs11.jar!/" type="simple" />
            <root url="jar://Z:/JDK8/jre/lib/ext/zipfs.jar!/" type="simple" />
            <root url="jar://Z:/JDK8/jre/lib/javaws.jar!/" type="simple" />
            <root url="jar://Z:/JDK8/jre/lib/jce.jar!/" type="simple" />
            <root url="jar://Z:/JDK8/jre/lib/jfr.jar!/" type="simple" />
            <root url="jar://Z:/JDK8/jre/lib/jfxswt.jar!/" type="simple" />
            <root url="jar://Z:/JDK8/jre/lib/jsse.jar!/" type="simple" />
            <root url="jar://Z:/JDK8/jre/lib/management-agent.jar!/" type="simple" />
            <root url="jar://Z:/JDK8/jre/lib/plugin.jar!/" type="simple" />
            <root url="jar://Z:/JDK8/jre/lib/resources.jar!/" type="simple" />
            <root url="jar://Z:/JDK8/jre/lib/rt.jar!/" type="simple" />
          </root>
        </classPath>
        <javadocPath>
          <root type="composite" />
        </javadocPath>
        <sourcePath>
          <root type="composite">
            <root url="jar://Z:/JDK8/src.zip!/" type="simple" />
            <root url="jar://Z:/JDK8/javafx-src.zip!/" type="simple" />
          </root>
        </sourcePath>
      </roots>
      <additional />
    </jdk>
  </component>
</application>