<application>
  <component name="StudioOdpsProjects">
    <StudioOdpsProject>
      <option name="synced" value="true" />
      <option name="projectAccess">
        <OdpsProjectAccess>
          <option name="accessId" value="XNAx8KacKDE5F5nz" />
          <option name="accessKey" value="5mFKZvMMR7xpfisrVx3lufFOP7nSQU" />
          <option name="endPoint" value="http://service.cn-haikou-hkybhx-d01.odps.ops.private-cloud.hainyb.com:80/api" />
          <option name="projectName" value="odps_4_prd" />
          <option name="realEndPoint" value="http://service.cn-haikou-hkybhx-d01.odps.ops.private-cloud.hainyb.com:80/api" />
        </OdpsProjectAccess>
      </option>
    </StudioOdpsProject>
    <StudioOdpsProject>
      <option name="packageNames">
        <list>
          <option value="information_schema.systables" />
        </list>
      </option>
      <option name="roleNames">
        <list>
          <option value="admin" />
          <option value="role_project_admin" />
          <option value="role_project_deploy" />
          <option value="role_project_dev" />
          <option value="role_project_erd" />
          <option value="role_project_guest" />
          <option value="role_project_pe" />
          <option value="role_project_scheduler" />
          <option value="role_project_security" />
          <option value="super_administrator" />
        </list>
      </option>
      <option name="synced" value="true" />
      <option name="userNames">
        <list>
          <option value="ALIYUN$zzee203@aliyun.com" />
          <option value="RAM$zzee203@aliyun.com:zhaoyinglong" />
          <option value="RAM$zzee203@aliyun.com:17561659495" />
          <option value="RAM$zzee203@aliyun.com:liwenbo" />
        </list>
      </option>
      <option name="projectAccess">
        <OdpsProjectAccess>
          <option name="accessId" value="LTAI4G8BeunQq88ANbcLKxzY" />
          <option name="accessKey" value="BZXupi0hR5jSO39DuO4uXLwviq3NIc" />
          <option name="endPoint" value="http://service.cn-hangzhou.maxcompute.aliyun.com/api" />
          <option name="logviewHost" />
          <option name="projectName" value="HSA_OMS_dev" />
          <option name="realEndPoint" value="http://service.cn-hangzhou.maxcompute.aliyun.com/api" />
          <option name="tunnelEndPoint" />
        </OdpsProjectAccess>
      </option>
    </StudioOdpsProject>
    <StudioOdpsProject>
      <option name="packageNames">
        <list>
          <option value="information_schema.systables" />
        </list>
      </option>
      <option name="synced" value="true" />
      <option name="projectAccess">
        <OdpsProjectAccess>
          <option name="accessId" value="LTAI4G8BeunQq88ANbcLKxzY" />
          <option name="accessKey" value="BZXupi0hR5jSO39DuO4uXLwviq3NIc" />
          <option name="endPoint" value="http://service.odps.aliyun.com/api" />
          <option name="projectName" value="HSA_OMS" />
          <option name="realEndPoint" value="http://service.odps.aliyun.com/api" />
        </OdpsProjectAccess>
      </option>
    </StudioOdpsProject>
    <StudioOdpsProject>
      <option name="packageNames">
        <list>
          <option value="information_schema.systables" />
        </list>
      </option>
      <option name="roleNames">
        <list>
          <option value="admin" />
          <option value="role_project_admin" />
          <option value="role_project_deploy" />
          <option value="role_project_dev" />
          <option value="role_project_erd" />
          <option value="role_project_guest" />
          <option value="role_project_pe" />
          <option value="role_project_scheduler" />
          <option value="role_project_security" />
          <option value="super_administrator" />
        </list>
      </option>
      <option name="synced" value="true" />
      <option name="userNames">
        <list>
          <option value="ALIYUN$zzee203@aliyun.com" />
          <option value="RAM$zzee203@aliyun.com:zhaoyinglong" />
          <option value="RAM$zzee203@aliyun.com:17561659495" />
          <option value="RAM$zzee203@aliyun.com:liwenbo" />
        </list>
      </option>
      <option name="projectAccess">
        <OdpsProjectAccess>
          <option name="accessId" value="LTAI4G8BeunQq88ANbcLKxzY" />
          <option name="accessKey" value="BZXupi0hR5jSO39DuO4uXLwviq3NIc" />
          <option name="endPoint" value="http://service.odps.aliyun.com/api" />
          <option name="projectName" value="HSA_OMS_dev" />
          <option name="realEndPoint" value="http://service.odps.aliyun.com/api" />
        </OdpsProjectAccess>
      </option>
    </StudioOdpsProject>
  </component>
</application>