<application>
  <component name="PostfixTemplates">
    <template id="new@userDefined" key=".new" provider="builtin.java" language-level="1.3" topmost="true">
      <conditions />
      <template name="fakeKey" value="$EXPR$ value=new $EXPR$();" toReformat="true" toShortenFQNames="true" />
    </template>
    <template id="while" key=".while" provider="builtin.java" builtin="while" language-level="1.3" topmost="true">
      <conditions>
        <condition id="boolean" />
        <condition id="void" />
        <condition id="number" />
      </conditions>
      <template name="fakeKey" value="while ($EXPR$) {&#10;$END$&#10;}" description="" toReformat="true" toShortenFQNames="true" />
    </template>
  </component>
  <component name="PostfixTemplatesSettings">
    <option name="providerToDisabledTemplates">
      <disabled-templates provider="builtin.java">
        <value>
          <set>
            <option value="com.intellij.codeInsight.template.postfix.templates.NewExpressionPostfixTemplate#.new" />
          </set>
        </value>
      </disabled-templates>
    </option>
  </component>
</application>