<application>
  <component name="SetterTemplates">
    <option name="defaultTempalteName" value="镇平" />
    <option name="templates">
      <list>
        <TemplateResource>
          <option name="fileName" value="镇平" />
          <option name="template" value="#set($paramName = $helper.getParamName($field, $project))&#10;#if($field.modifierStatic)&#10;static ##&#10;#end&#10;void set$StringUtil.capitalizeWithJavaBeanConvention($StringUtil.sanitizeJavaIdentifier($helper.getPropertyName($field, $project)))($field.type $paramName) {&#10;#if ($field.name == $paramName)&#10;    #if (!$field.modifierStatic)&#10;    #else&#10;        $classname.##&#10;    #end&#10;#end&#10;if($paramName==null){&#10;this.$field.name =&quot;&quot;;&#10;}&#10;this.$field.name = $paramName;&#10;}" />
        </TemplateResource>
      </list>
    </option>
  </component>
</application>