<application>
  <component name="StudioSettings">
    <option name="generalSettings">
      <GeneralSettings>
        <option name="pythonPath" value="Z:\Python\python.exe" />
        <option name="enableInternalFeatures" value="false" />
        <option name="macAddress" value="00-50-56-C0-00-08" />
      </GeneralSettings>
    </option>
    <option name="sdkSettings">
      <SdkSettings>
        <option name="allSdks">
          <list>
            <SdkInfo>
              <option name="sdkType" value="ODPS_CMD" />
              <option name="version" value="0.36.0-public" />
              <option name="installedLocation" value="C:\Users\lwb\AppData\Roaming\JetBrains\IntelliJIdea2020.1\plugins\odps-studio-intellij\odpscmd_public" />
              <option name="isDefault" value="true" />
            </SdkInfo>
          </list>
        </option>
      </SdkSettings>
    </option>
    <option name="scriptSubmitSettings">
      <ScriptSubmitSettings>
        <option name="showJobDetail" value="false" />
        <option name="sqlCostConfirm" value="false" />
        <option name="pinExecutionResultTab" value="false" />
      </ScriptSubmitSettings>
    </option>
  </component>
</application>