<toolSet name="External Tools">
  <tool name="Gvim" description="格式化" showInMainMenu="false" showInEditor="false" showInProject="false" showInSearchPopup="false" disabled="false" useConsole="true" showConsoleOnStdOut="false" showConsoleOnStdErr="false" synchronizeAfterRun="true">
    <exec>
      <option name="COMMAND" />
      <option name="PARAMETERS" />
      <option name="WORKING_DIRECTORY" value="$ProjectFileDir$" />
    </exec>
  </tool>
  <tool name="show Code" description="显示源码" showInMainMenu="false" showInEditor="false" showInProject="false" showInSearchPopup="false" disabled="false" useConsole="true" showConsoleOnStdOut="false" showConsoleOnStdErr="false" synchronizeAfterRun="true">
    <exec>
      <option name="COMMAND" value="Z:\JDK8\bin\javap.exe" />
      <option name="PARAMETERS" value="-p -v $FileClass$" />
      <option name="WORKING_DIRECTORY" value="$OutputPath$" />
    </exec>
  </tool>
</toolSet>